profile	1.1.0	1.1.0-e23cd7e4f-sm_86	cpu_arch=x86_64,gpu_arch=sm_86,cuda_version=12.2.140	# Last updated Wed Nov 12 11:27:12 2025

  total time	     percent	cum. percent	       calls	 time / call	          volume	name	aux	comment
   0.0050838	     29.0556	     29.0556	          84	 6.05214e-05	         4x8x8x8	N4quda26WilsonCloverPreconditionedINS_15WilsonCloverArgIdLi3ELi4EL21QudaReconstructType_s12ELb0EEEEE	policy,GPU-offline,vol=2048,parity=1,precision=8,order=2,Ns=4,Nc=3,commDim=0000,xpay,n_rhs=1,n_rhs_tile=1,topo=1111,p2p=0,gdr=0,nvshmem=0,pol=110000000000000000	# 64.97 Gflop/s, 93.13 GB/s, tuning took 0.002702 seconds at Tue Nov 11 18:04:49 2025
  0.00501075	     28.6381	     57.6936	          84	 5.96518e-05	         4x8x8x8	N4quda26WilsonCloverPreconditionedINS_15WilsonCloverArgIdLi3ELi4EL21QudaReconstructType_s12ELb0EEEEE	policy,GPU-offline,vol=2048,parity=1,precision=8,order=2,Ns=4,Nc=3,commDim=0000,n_rhs=1,n_rhs_tile=1,topo=1111,p2p=0,gdr=0,nvshmem=0,pol=110000000000000000	# 64.27 Gflop/s, 94.48 GB/s, tuning took 0.002666 seconds at Tue Nov 11 18:04:49 2025
  0.00330457	     18.8867	     76.5804	         444	 7.44273e-06	         4x8x8x8	N4quda26WilsonCloverPreconditionedINS_15WilsonCloverArgIsLi3ELi4EL21QudaReconstructType_s8ELb0EEEEE	policy,GPU-offline,vol=2048,parity=1,precision=2,order=8,Ns=4,Nc=3,commDim=0000,xpay,n_rhs=1,n_rhs_tile=1,topo=1111,p2p=0,gdr=0,nvshmem=0,pol=110000000000000000	# 528.32 Gflop/s, 180.52 GB/s, tuning took 0.001951 seconds at Tue Nov 11 18:04:49 2025
  0.00317438	     18.1426	      94.723	         444	  7.1495e-06	         4x8x8x8	N4quda26WilsonCloverPreconditionedINS_15WilsonCloverArgIsLi3ELi4EL21QudaReconstructType_s8ELb0EEEEE	policy,GPU-offline,vol=2048,parity=1,precision=2,order=8,Ns=4,Nc=3,commDim=0000,n_rhs=1,n_rhs_tile=1,topo=1111,p2p=0,gdr=0,nvshmem=0,pol=110000000000000000	# 536.24 Gflop/s, 187.91 GB/s, tuning took 0.001957 seconds at Tue Nov 11 18:04:49 2025
 0.000923314	     5.27704	         100	          24	 3.84714e-05	         4x8x8x8	N4quda6WilsonINS_9WilsonArgIdLi3ELi4EL21QudaReconstructType_s12ELb0EEEEE	policy,GPU-offline,vol=2048,parity=1,precision=8,order=2,Ns=4,Nc=3,commDim=0000,xpay,n_rhs=1,n_rhs_tile=1,topo=1111,p2p=0,gdr=0,nvshmem=0,pol=110000000000000000	# 72.82 Gflop/s, 122.66 GB/s, tuning took 0.011120 seconds at Tue Nov 11 18:04:49 2025

# Total time spent in asynchronous execution = 0.0174968 seconds
