profile	1.1.0	1.1.0-e23cd7e4f-sm_86	cpu_arch=x86_64,gpu_arch=sm_86,cuda_version=12.2.140	# Last updated Tue Nov 18 14:51:46 2025

  total time	     percent	cum. percent	       calls	 time / call	          volume	name	aux	comment
   0.0150467	     18.9037	     18.9037	          79	 0.000190464	        4x8x8x32	N4quda26WilsonCloverPreconditionedINS_15WilsonCloverArgIdLi3ELi4EL21QudaReconstructType_s12ELb0EEEEE	policy_kernel=interior,GPU-offline,vol=8192,parity=1,precision=8,order=2,Ns=4,Nc=3,commDim=0000,xpay,n_rhs=1,n_rhs_tile=1,comm=0000	# 82.58 Gflop/s, 118.37 GB/s, tuning took 0.152024 seconds at Tue Nov 18 14:51:46 2025
   0.0148714	     18.6835	     37.5871	          79	 0.000188245	        4x8x8x32	N4quda26WilsonCloverPreconditionedINS_15WilsonCloverArgIdLi3ELi4EL21QudaReconstructType_s12ELb0EEEEE	policy_kernel=interior,GPU-offline,vol=8192,parity=1,precision=8,order=2,Ns=4,Nc=3,commDim=0000,n_rhs=1,n_rhs_tile=1,comm=0000	# 81.47 Gflop/s, 119.76 GB/s, tuning took 0.171579 seconds at Tue Nov 18 14:51:46 2025
   0.0120362	     15.1215	     52.7086	         224	 5.37331e-05	        4x8x8x32	N4quda4blas31caxpbypzYmbwcDotProductUYNormY_IddEE	GPU-offline,vol=8192,parity=1,precision=2,order=8,Ns=4,Nc=3,vol=8192,parity=1,precision=8,order=2,Ns=4,Nc=3,n_rhs=1	# 65.86 Gflop/s, 98.18 GB/s, tuning took 0.096311 seconds at Tue Nov 18 14:51:46 2025
  0.00660526	     8.29842	     61.0071	         448	 1.47439e-05	        4x8x8x32	N4quda26WilsonCloverPreconditionedINS_15WilsonCloverArgIsLi3ELi4EL21QudaReconstructType_s8ELb0EEEEE	policy_kernel=interior,GPU-offline,vol=8192,parity=1,precision=2,order=8,Ns=4,Nc=3,commDim=0000,xpay,n_rhs=1,n_rhs_tile=1,comm=0000	# 1066.79 Gflop/s, 364.49 GB/s, tuning took 0.028177 seconds at Tue Nov 18 14:51:46 2025
  0.00593235	     7.45303	     68.4601	         448	 1.32419e-05	        4x8x8x32	N4quda26WilsonCloverPreconditionedINS_15WilsonCloverArgIsLi3ELi4EL21QudaReconstructType_s8ELb0EEEEE	policy_kernel=interior,GPU-offline,vol=8192,parity=1,precision=2,order=8,Ns=4,Nc=3,commDim=0000,n_rhs=1,n_rhs_tile=1,comm=0000	# 1158.10 Gflop/s, 405.83 GB/s, tuning took 0.096438 seconds at Tue Nov 18 14:51:46 2025
  0.00499068	     6.26997	     74.7301	         224	 2.22798e-05	        4x8x8x32	N4quda4blas10CdotNormABIdfEE	GPU-offline,vol=8192,parity=1,precision=2,order=8,Ns=4,Nc=3,n_rhs=1	# 70.60 Gflop/s, 38.24 GB/s, tuning took 0.065773 seconds at Tue Nov 18 14:51:46 2025
  0.00400365	     5.02993	       79.76	         224	 1.78735e-05	        4x8x8x32	N4quda4blas4CdotIdfEE	GPU-offline,vol=8192,parity=1,precision=2,order=8,Ns=4,Nc=3,n_rhs=1	# 44.00 Gflop/s, 47.67 GB/s, tuning took 0.050887 seconds at Tue Nov 18 14:51:46 2025
  0.00288256	     3.62146	     83.3815	          24	 0.000120107	        4x8x8x32	N4quda6WilsonINS_9WilsonArgIdLi3ELi4EL21QudaReconstructType_s12ELb0EEEEE	policy_kernel=interior,GPU-offline,vol=8192,parity=1,precision=8,order=2,Ns=4,Nc=3,commDim=0000,xpay,n_rhs=1,n_rhs_tile=1,comm=0000	# 93.31 Gflop/s, 157.15 GB/s, tuning took 0.239436 seconds at Tue Nov 18 14:51:45 2025
  0.00283569	     3.56258	      86.944	          36	 7.87692e-05	        4x8x8x32	N4quda6CloverIdLi3EEE	GPU-offline,vol=8192,parity=1,precision=8,order=2,Ns=4,Nc=3,n_rhs=1	# 52.42 Gflop/s, 86.53 GB/s, tuning took 0.043799 seconds at Tue Nov 18 14:51:45 2025
  0.00178615	       2.244	      89.188	           1	  0.00178615	        8x8x8x32	N4quda5FmunuIdLi3EL21QudaReconstructType_s12EEE	GPU-offline,vol=16384,stride=8192,precision=8,geometry=4,Nc=3,r=0000,comm=0000	# 135.72 Gflop/s, 92.46 GB/s, tuning took 1.563054 seconds at Tue Nov 18 14:51:26 2025
   0.0015882	     1.99532	     91.1834	          79	 2.01038e-05	        4x8x8x32	N4quda4blas10caxpyNorm2IddEE	GPU-offline,vol=8192,parity=1,precision=8,order=2,Ns=4,Nc=3,n_rhs=1	# 78.24 Gflop/s, 234.71 GB/s, tuning took 0.072794 seconds at Tue Nov 18 14:51:46 2025
  0.00154966	     1.94689	     93.1302	           8	 0.000193707	   bytes=2359296	cudaMemcpyDefault	copy,gauge_field.cpp,1085	# 0.00 Gflop/s, 12.18 GB/s, tuning took 0.002064 seconds at Tue Nov 18 14:51:24 2025
 0.000945056	     1.18731	     94.3176	          79	 1.19627e-05	        4x8x8x32	N4quda4blas7axpbyz_IdEE	GPU-offline,vol=8192,parity=1,precision=8,order=2,Ns=4,Nc=3,n_rhs=1	# 49.31 Gflop/s, 394.44 GB/s, tuning took 0.012418 seconds at Tue Nov 18 14:51:46 2025
 0.000808603	     1.01588	     95.3334	         212	 3.81417e-06	        4x8x8x32	N4quda4blas9cxpaypbz_IfEE	GPU-offline,vol=8192,parity=1,precision=2,order=8,Ns=4,Nc=3,n_rhs=1	# 463.92 Gflop/s, 446.74 GB/s, tuning took 0.009707 seconds at Tue Nov 18 14:51:46 2025
 0.000688947	    0.865549	      96.199	         224	 3.07566e-06	        4x8x8x32	N4quda4blas6caxpy_IfEE	GPU-offline,vol=8192,parity=1,precision=2,order=8,Ns=4,Nc=3,n_rhs=1	# 255.70 Gflop/s, 415.51 GB/s, tuning took 0.009929 seconds at Tue Nov 18 14:51:46 2025
 0.000614671	    0.772234	     96.9712	         103	 5.96768e-06	        4x8x8x32	N4quda15CopyColorSpinorILi4ELi3ENS_11colorspinor11FloatNOrderIsLi4ELi3ELi8ELb0ELb0ELb0EEENS2_IdLi4ELi3ELi2ELb0ELb0ELb0EEESt5tupleIJRNS_16ColorSpinorFieldERKS6_19QudaFieldLocation_sPsPKdEEEE	GPU-offline,vol=8192,parity=1,precision=8,order=2,Ns=4,Nc=3vol=8192,parity=1,precision=2,order=8,Ns=4,Nc=3	# 0.00 Gflop/s, 334.95 GB/s, tuning took 0.016361 seconds at Tue Nov 18 14:51:45 2025
 0.000339049	    0.425959	     97.3972	         104	 3.26008e-06	   bytes=1572864	cudaMemsetAsync	zero,color_spinor_field.cpp,414	# 0.00 Gflop/s, 482.46 GB/s, tuning took 0.000834 seconds at Tue Nov 18 14:51:45 2025
 0.000250624	    0.314868	      97.712	          12	 2.08853e-05	        8x8x8x32	N4quda15CopyColorSpinorILi4ELi3ENS_11colorspinor11FloatNOrderIdLi4ELi3ELi2ELb0ELb0ELb0EEENS1_21SpaceSpinorColorOrderIdLi4ELi3EEESt5tupleIJRNS_16ColorSpinorFieldERKS7_19QudaFieldLocation_sPdPKdEEEE	GPU-offline,vol=16384,parity=2,precision=8,order=9,Ns=4,Nc=3vol=16384,parity=2,precision=8,order=2,Ns=4,Nc=3to_ukqcd,from_degrand_rossi	# 0.00 Gflop/s, 301.24 GB/s, tuning took 0.144564 seconds at Tue Nov 18 14:51:45 2025
 0.000249088	    0.312938	      98.025	          12	 2.07573e-05	        8x8x8x32	N4quda4blas4axy_IdEE	GPU-offline,vol=16384,parity=2,precision=8,order=2,Ns=4,Nc=3,n_rhs=1	# 56.83 Gflop/s, 303.10 GB/s, tuning took 0.018099 seconds at Tue Nov 18 14:51:45 2025
 0.000244342	    0.306975	      98.332	          12	 2.03618e-05	        8x8x8x32	N4quda15CopyColorSpinorILi4ELi3ENS_11colorspinor21SpaceSpinorColorOrderIdLi4ELi3EEENS1_11FloatNOrderIdLi4ELi3ELi2ELb0ELb0ELb0EEESt5tupleIJRNS_16ColorSpinorFieldERKS7_19QudaFieldLocation_sPdPKdEEEE	GPU-offline,vol=16384,parity=2,precision=8,order=2,Ns=4,Nc=3vol=16384,parity=2,precision=8,order=9,Ns=4,Nc=3to_degrand_rossi,from_ukqcd	# 0.00 Gflop/s, 308.98 GB/s, tuning took 0.013951 seconds at Tue Nov 18 14:51:46 2025
 0.000214321	    0.269259	     98.6012	          12	 1.78601e-05	        8x8x8x32	N4quda4blas5Norm2IddEE	GPU-offline,vol=16384,parity=2,precision=8,order=2,Ns=4,Nc=3,n_rhs=1	# 44.03 Gflop/s, 176.13 GB/s, tuning took 0.091935 seconds at Tue Nov 18 14:51:45 2025
 0.000200307	    0.251653	     98.8529	          24	 8.34614e-06	        4x8x8x32	N4quda15CopyColorSpinorILi4ELi3ENS_11colorspinor11FloatNOrderIdLi4ELi3ELi2ELb0ELb0ELb0EEES3_St5tupleIJRNS_16ColorSpinorFieldERKS5_19QudaFieldLocation_sPdPKdEEEE	GPU-offline,vol=8192,parity=1,precision=8,order=2,Ns=4,Nc=3vol=8192,parity=1,precision=8,order=2,Ns=4,Nc=3	# 0.00 Gflop/s, 376.91 GB/s, tuning took 0.012671 seconds at Tue Nov 18 14:51:45 2025
 0.000182453	    0.229222	     99.0821	           1	 0.000182453	        8x8x8x32	N4quda12CloverInvertIdEE	GPU-offline,vol=16384precision=8Nc=3,trlog,twist=false	# 0.00 Gflop/s, 40.23 GB/s, tuning took 4.368000 seconds at Tue Nov 18 14:51:30 2025
 0.000154176	    0.193697	     99.2758	          12	  1.2848e-05	   bytes=3145728	cudaMemsetAsync	zero,color_spinor_field.cpp,414	# 0.00 Gflop/s, 244.84 GB/s, tuning took 0.000905 seconds at Tue Nov 18 14:51:45 2025
 0.000118115	    0.148392	     99.4242	          12	 9.84294e-06	        4x8x8x32	N4quda4blas5Norm2IddEE	GPU-offline,vol=8192,parity=1,precision=8,order=2,Ns=4,Nc=3,n_rhs=1	# 39.95 Gflop/s, 159.80 GB/s, tuning took 0.037148 seconds at Tue Nov 18 14:51:45 2025
 9.88892e-05	    0.124238	     99.5484	           2	 4.94446e-05	        8x8x8x32	N4quda9CopyGaugeINS_12CopyGaugeArgIddLi18ELb0ENS_5gauge11FloatNOrderIdLi18ELi2ELi12EL20QudaStaggeredPhase_s0ELb1EL19QudaGhostExchange_sn2147483648ELb0EEENS2_8QDPOrderIdLi18EEEEEEE	GPU-offline,vol=16384,stride=8192,precision=8,geometry=4,Nc=3,vol=16384,stride=9216,precision=8,geometry=4,Nc=3	# 0.00 Gflop/s, 334.01 GB/s, tuning took 0.086986 seconds at Tue Nov 18 14:51:24 2025
 8.17562e-05	    0.102713	     99.6511	           2	 4.08781e-05	        8x8x8x32	N4quda11CopyGaugeExIddLi18ENS_5gauge11FloatNOrderIdLi18ELi2ELi12EL20QudaStaggeredPhase_s0ELb1EL19QudaGhostExchange_sn2147483648ELb0EEES5_EE	GPU-offline,vol=16384,stride=9216,precision=8,geometry=4,Nc=3vol=16384,stride=8192,precision=8,geometry=4,Nc=3,r=0000	# 0.00 Gflop/s, 327.05 GB/s, tuning took 0.069418 seconds at Tue Nov 18 14:51:24 2025
 7.43863e-05	   0.0934542	     99.7446	           1	 7.43863e-05	        8x8x8x32	N4quda13ComputeCloverIdEE	GPU-offline,vol=16384precision=8Nc=3	# 105.72 Gflop/s, 288.98 GB/s, tuning took 0.017972 seconds at Tue Nov 18 14:51:26 2025
 5.44104e-05	   0.0683577	     99.8129	           2	 2.72052e-05	        8x8x8x32	N4quda9CopyGaugeINS_12CopyGaugeArgIsdLi18ELb0ENS_5gauge11FloatNOrderIsLi18ELi8ELi8EL20QudaStaggeredPhase_s0ELb1EL19QudaGhostExchange_sn2147483648ELb0EEENS3_IdLi18ELi2ELi12ELS4_0ELb1ELS5_n2147483648ELb0EEEEEEE	GPU-offline,vol=16384,stride=9216,precision=8,geometry=4,Nc=3,vol=16384,stride=9216,precision=2,geometry=4,Nc=3	# 0.00 Gflop/s, 303.53 GB/s, tuning took 0.019979 seconds at Tue Nov 18 14:51:24 2025
 3.29332e-05	   0.0413752	     99.8543	           1	 3.29332e-05	        8x8x8x32	N4quda10CopyCloverINS_6clover11FloatNOrderIsLi72ELi8ELb0ELb1ELb0EEENS2_IdLi72ELi2ELb0ELb1ELb0EEEsdEE	GPU-offline,vol=16384precision=8Nc=3	# 0.00 Gflop/s, 278.60 GB/s, tuning took 0.038987 seconds at Tue Nov 18 14:51:30 2025
 3.12475e-05	   0.0392574	     99.8936	           1	 3.12475e-05	          458752	N4quda15TransformReduceINS_7maximumIdEEKNS_7complexIdEEmNS_8abs_max_IddEENS_8identityEEE	,batch_size=1	# 0.00 Gflop/s, 234.90 GB/s, tuning took 0.180547 seconds at Tue Nov 18 14:51:30 2025
 2.89861e-05	   0.0364163	       99.93	          12	 2.41551e-06	        4x8x8x32	N4quda15CopyColorSpinorILi4ELi3ENS_11colorspinor11FloatNOrderIsLi4ELi3ELi8ELb0ELb0ELb0EEES3_St5tupleIJRNS_16ColorSpinorFieldERKS5_19QudaFieldLocation_sPsPKsEEEE	GPU-offline,vol=8192,parity=1,precision=2,order=8,Ns=4,Nc=3vol=8192,parity=1,precision=2,order=8,Ns=4,Nc=3	# 0.00 Gflop/s, 352.71 GB/s, tuning took 0.012700 seconds at Tue Nov 18 14:51:45 2025
  1.3084e-05	   0.0164379	     99.9464	           6	 2.18066e-06	    bytes=196608	cudaMemcpyDeviceToDevice	exchangeGhost,gauge_field.cpp,527	# 0.00 Gflop/s, 180.32 GB/s, tuning took 0.000572 seconds at Tue Nov 18 14:51:24 2025
 1.03551e-05	   0.0130094	     99.9594	           2	 5.17753e-06	        8x8x8x32	N4quda12ExtractGhostIdLi3ENS_5gauge11FloatNOrderIdLi18ELi2ELi12EL20QudaStaggeredPhase_s0ELb1EL19QudaGhostExchange_sn2147483648ELb0EEEEE	GPU-offline,vol=16384,stride=9216,precision=8,geometry=4,Nc=3,extract	# 0.00 Gflop/s, 246.83 GB/s, tuning took 0.022245 seconds at Tue Nov 18 14:51:24 2025
 1.03551e-05	   0.0130094	     99.9724	           2	 5.17753e-06	        8x8x8x32	N4quda9CopyGaugeINS_12CopyGaugeArgIsdLi18ELb0ENS_5gauge11FloatNOrderIsLi18ELi8ELi8EL20QudaStaggeredPhase_s0ELb1EL19QudaGhostExchange_sn2147483648ELb0EEENS3_IdLi18ELi2ELi12ELS4_0ELb1ELS5_n2147483648ELb0EEEEEEE	GPU-offline,vol=16384,stride=9216,precision=8,geometry=4,Nc=3,vol=16384,stride=9216,precision=2,geometry=4,Nc=3,ghost	# 0.00 Gflop/s, 161.98 GB/s, tuning took 0.012943 seconds at Tue Nov 18 14:51:24 2025
 6.36502e-06	   0.0079966	     99.9804	           2	 3.18251e-06	        8x8x8x32	N4quda9CopyGaugeINS_12CopyGaugeArgIddLi18ELb0ENS_5gauge11FloatNOrderIdLi18ELi2ELi12EL20QudaStaggeredPhase_s0ELb1EL19QudaGhostExchange_sn2147483648ELb0EEES6_EEEE	GPU-offline,vol=16384,stride=9216,precision=8,geometry=4,Nc=3,vol=16384,stride=9216,precision=8,geometry=4,Nc=3,ghost	# 0.00 Gflop/s, 451.75 GB/s, tuning took 0.011024 seconds at Tue Nov 18 14:51:24 2025
 4.65512e-06	  0.00584839	     99.9863	           2	 2.32756e-06	    bytes=638976	cudaMemset	allocateGhostBuffer,lattice_field.cpp,283	# 0.00 Gflop/s, 274.53 GB/s, tuning took 0.000788 seconds at Tue Nov 18 14:51:24 2025
  4.6499e-06	  0.00584184	     99.9921	           2	 2.32495e-06	    bytes=638976	cudaMemset	allocateGhostBuffer,lattice_field.cpp,278	# 0.00 Gflop/s, 274.83 GB/s, tuning took 0.000710 seconds at Tue Nov 18 14:51:24 2025
 4.37946e-06	  0.00550207	     99.9976	           2	 2.18973e-06	     bytes=49152	cudaMemcpyDeviceToDevice	exchangeGhost,gauge_field.cpp,527	# 0.00 Gflop/s, 44.89 GB/s, tuning took 0.000664 seconds at Tue Nov 11 17:50:47 2025
  1.8846e-06	  0.00236769	         100	           1	  1.8846e-06	    bytes=425984	cudaMemsetAsync	zero,color_spinor_field.cpp,414	# 0.00 Gflop/s, 226.03 GB/s, tuning took 0.000950 seconds at Tue Nov 18 14:51:45 2025

# Total time spent in kernels = 0.0795965 seconds
