profile	1.1.0	1.1.0-e23cd7e4f-sm_86	cpu_arch=x86_64,gpu_arch=sm_86,cuda_version=12.2.140	# Last updated Fri Oct 31 16:15:24 2025

  total time	     percent	cum. percent	       calls	 time / call	          volume	name	aux	comment
     6.04143	     72.3376	     72.3376	       30720	 0.000196661	        8x8x8x32	N4quda7LaplaceINS_10LaplaceArgIdLi4ELi3ELi4EL21QudaReconstructType_s18EEEEE	policy,GPU-offline,vol=16384,parity=2,precision=8,order=2,Ns=4,Nc=3,commDim=0000,xpay,n_rhs=1,n_rhs_tile=1,laplace=3,topo=1111,p2p=0,gdr=0,nvshmem=0,pol=110000000000000000	# 145.96 Gflop/s, 167.96 GB/s, tuning took 0.004384 seconds at Tue May 27 22:32:55 2025
    0.765653	     9.16762	     81.5052	        4046	 0.000189237	        4x8x8x32	N4quda26WilsonCloverPreconditionedINS_15WilsonCloverArgIdLi3ELi4EL21QudaReconstructType_s12ELb0EEEEE	policy,GPU-offline,vol=8192,parity=1,precision=8,order=2,Ns=4,Nc=3,commDim=0000,xpay,n_rhs=1,n_rhs_tile=1,topo=1111,p2p=0,gdr=0,nvshmem=0,pol=110000000000000000	# 83.12 Gflop/s, 119.13 GB/s, tuning took 0.004210 seconds at Wed Apr  2 16:47:09 2025
    0.756117	     9.05344	     90.5587	        4046	  0.00018688	        4x8x8x32	N4quda26WilsonCloverPreconditionedINS_15WilsonCloverArgIdLi3ELi4EL21QudaReconstructType_s12ELb0EEEEE	policy,GPU-offline,vol=8192,parity=1,precision=8,order=2,Ns=4,Nc=3,commDim=0000,n_rhs=1,n_rhs_tile=1,topo=1111,p2p=0,gdr=0,nvshmem=0,pol=110000000000000000	# 82.06 Gflop/s, 120.64 GB/s, tuning took 0.004159 seconds at Wed Apr  2 16:47:08 2025
    0.353348	     4.23085	     94.7895	       22784	 1.55086e-05	        4x8x8x32	N4quda26WilsonCloverPreconditionedINS_15WilsonCloverArgIsLi3ELi4EL21QudaReconstructType_s8ELb0EEEEE	policy,GPU-offline,vol=8192,parity=1,precision=2,order=8,Ns=4,Nc=3,commDim=0000,xpay,n_rhs=1,n_rhs_tile=1,topo=1111,p2p=0,gdr=0,nvshmem=0,pol=110000000000000000	# 1014.19 Gflop/s, 346.52 GB/s, tuning took 0.002128 seconds at Mon Oct 27 11:11:57 2025
    0.320819	     3.84136	     98.6309	       22784	 1.40809e-05	        4x8x8x32	N4quda26WilsonCloverPreconditionedINS_15WilsonCloverArgIsLi3ELi4EL21QudaReconstructType_s8ELb0EEEEE	policy,GPU-offline,vol=8192,parity=1,precision=2,order=8,Ns=4,Nc=3,commDim=0000,n_rhs=1,n_rhs_tile=1,topo=1111,p2p=0,gdr=0,nvshmem=0,pol=110000000000000000	# 1089.09 Gflop/s, 381.65 GB/s, tuning took 0.002201 seconds at Mon Oct 27 11:11:57 2025
    0.114344	     1.36911	         100	         960	 0.000119108	        4x8x8x32	N4quda6WilsonINS_9WilsonArgIdLi3ELi4EL21QudaReconstructType_s12ELb0EEEEE	policy,GPU-offline,vol=8192,parity=1,precision=8,order=2,Ns=4,Nc=3,commDim=0000,xpay,n_rhs=1,n_rhs_tile=1,topo=1111,p2p=0,gdr=0,nvshmem=0,pol=110000000000000000	# 94.09 Gflop/s, 158.47 GB/s, tuning took 0.003390 seconds at Wed Apr  2 16:47:08 2025

# Total time spent in asynchronous execution = 8.35171 seconds
